{"noiseKey":{"private":{"type":"Buffer","data":"OIPvQPXFdjw5hRDf9y+0TlejwFh13q48Urqs9j9aVnM="},"public":{"type":"Buffer","data":"TQI6R/1pcJfZuNVDH3C5047oXVhhhdlhq3dFzw74biA="}},"pairingEphemeralKeyPair":{"private":{"type":"Buffer","data":"WCMatmNqRllOw25m0pqI/bR0TSWgU/Q+mk4IDLw5tGM="},"public":{"type":"Buffer","data":"RBOGbBh+0Kk9O/PJnertmoBMmY0vFUrcRHGZUVADxSc="}},"signedIdentityKey":{"private":{"type":"Buffer","data":"kPQeZeofWnKrNa2HmbkU+9KakrLVq9wHT7rsFpTAfnI="},"public":{"type":"Buffer","data":"SMvOodOv2ta8LuS6CjLJGgQndE1ZZ0e6/+yQvzFe/AE="}},"signedPreKey":{"keyPair":{"private":{"type":"Buffer","data":"uDrdW/HQbCR/uRnzINdzBjhj6o9iY5y0KGYBLM11WGU="},"public":{"type":"Buffer","data":"XIfXGXIE6aJiSc4ilHDSwJy2qwCAFejKsptx3Nm2djg="}},"signature":{"type":"Buffer","data":"c6puV/LEj8wiUtd4wAw6cblGszHejKmXBrWz2JB2XndDI7d3KGiQ3F1UiyE0mzgkL9BiY/EJuD/nBvn4zLNhBA=="},"keyId":1},"registrationId":194,"advSecretKey":"p83/E9KBpyQjw48agvsB/glRwVjT1/7nEIjiKffRYHU=","processedHistoryMessages":[{"key":{"remoteJid":"441135220437@s.whatsapp.net","fromMe":true,"id":"FF74819A7F7C236BD90DDB6A4C9CBC03"},"messageTimestamp":1730180580},{"key":{"remoteJid":"441135220437@s.whatsapp.net","fromMe":true,"id":"062F9ECA7BF30F25E073BFDCE58B1328"},"messageTimestamp":1730180586},{"key":{"remoteJid":"441135220437@s.whatsapp.net","fromMe":true,"id":"AD04DC7D7D83DC8147B3CD938F4B3843"},"messageTimestamp":1730180590},{"key":{"remoteJid":"441135220437@s.whatsapp.net","fromMe":true,"id":"212D55061D6C09E20BB84B062A796A56"},"messageTimestamp":1730180595}],"nextPreKeyId":234,"firstUnuploadedPreKeyId":234,"accountSyncCounter":1,"accountSettings":{"unarchiveChats":false},"deviceId":"fJpMchU1TeeGsgebhrwWjw","phoneId":"147abcd8-46dc-4989-af5d-7b12abc956c0","identityId":{"type":"Buffer","data":"KNrVFQryW5VVP8i4Lec1mlszopU="},"registered":true,"backupToken":{"type":"Buffer","data":"0fc1ynNDtghbKoI/4i1PD35NkzE="},"registration":{},"pairingCode":"7TR6DB61","me":{"id":"441135220437:42@s.whatsapp.net","name":"Clover - WhatsApp Bot‎ ‎ ‎ ‎ ‎ ‎ ‎ ‎ ‎ ‎ ‎ ‎ ‎ ‎ ‎ ‎ ‎ ‎ ‎ ‎ ‎ ‎ ‎ ‎ ‎ ‎ ‎ ","lid":"280384625447037:42@lid"},"account":{"details":"CK211O0BEN7rgbkGGAQgACgA","accountSignatureKey":"OvfVcfv//iZoOXnuVoWQnky3jXyXM/e2RY5gLhaLUT8=","accountSignature":"ABNDGF5qxUDnHOo4WpP/Ukoy5C5Cc2//46UPCSnPYlaq7DX17BJ25Ff18vx53x2MVupkQoAF7yXluWtBKUvwDA==","deviceSignature":"/4x4qM3Fglr5cgClBh3VnesNycFA/as/2PGYAJ65JeJPMcnt9BjlelpDKpHzFfXnXuV7/7X9sZRZvwF3alvFBg=="},"signalIdentities":[{"identifier":{"name":"441135220437:42@s.whatsapp.net","deviceId":0},"identifierKey":{"type":"Buffer","data":"BTr31XH7//4maDl57laFkJ5Mt418lzP3tkWOYC4Wi1E/"}}],"platform":"smba","routingInfo":{"type":"Buffer","data":"CA0IBQ=="},"lastAccountSyncTimestamp":1730180653,"myAppStateKeyId":"AAAAAIuz","lastPropHash":"3reSB1"}