{"noiseKey":{"private":{"type":"Buffer","data":"GN12CkzyQ+vLfKzhqRQSyjCu7iP5+9j48Lp5mMC1lWI="},"public":{"type":"Buffer","data":"y6V1qe8op+8sCqWTBzV0lg+6gtinDaAHXB73i9ERcXs="}},"pairingEphemeralKeyPair":{"private":{"type":"Buffer","data":"CGbi+JDtUIHPEgeh827aZpNvcNlNN169jCghMnipcUQ="},"public":{"type":"Buffer","data":"lm3GSXmbtstFb2rnqfJsgwR8aRhxVE3eeE4ptWUKvVU="}},"signedIdentityKey":{"private":{"type":"Buffer","data":"WDfoOf2Z86y1WfJWkLGI12bcpfDKb9rmyT5ty28yHHo="},"public":{"type":"Buffer","data":"nZiDAUpXjc27pLF9m+JW8eSzbNv5X9qB+DojmIR/gzg="}},"signedPreKey":{"keyPair":{"private":{"type":"Buffer","data":"sCFbTa4O4LlcQRPuxsJ+kIcX1JTAtoEg0p0owRK8Rk8="},"public":{"type":"Buffer","data":"HcyKn9Ss8Ej3/97Xjr6p8qChSkOlNljD0oR2GQSjMkc="}},"signature":{"type":"Buffer","data":"5mmdY6KLakhcQYYIjBWJKGK4TXZwKvCZiXoa3mwDlYFrS2wuoBtQvMzzr5spC2OzoIiozvD3XJ9kuwFa5jQijQ=="},"keyId":1},"registrationId":158,"advSecretKey":"y2I7eWiMxDG9x0Xn+//h5i1FbL40LEGnZPpDRfpYrcw=","processedHistoryMessages":[{"key":{"remoteJid":"6285175098705@s.whatsapp.net","fromMe":true,"id":"47B7E78123372615F02FFF9D76DBE058"},"messageTimestamp":1730527942},{"key":{"remoteJid":"6285175098705@s.whatsapp.net","fromMe":true,"id":"124671DD0F4C551018154ED0435FB7E2"},"messageTimestamp":1730527942}],"nextPreKeyId":31,"firstUnuploadedPreKeyId":31,"accountSyncCounter":1,"accountSettings":{"unarchiveChats":false},"deviceId":"rrXRI7vKRH6oqkaaR83NyA","phoneId":"2474219b-21ff-444e-ad84-7e3c09cfe246","identityId":{"type":"Buffer","data":"fmRTDbZJB9JcHZB++OMVP2PEVyI="},"registered":true,"backupToken":{"type":"Buffer","data":"+3C2DTBpmL15TcGris9YVg+5qRI="},"registration":{},"pairingCode":"ECTKENQN","me":{"id":"6285175098705:14@s.whatsapp.net","name":"clover","lid":"118752087675087:14@lid"},"account":{"details":"CIvnlpkDEMKFl7kGGAEgACgA","accountSignatureKey":"tkKCO0Krq/BFJZB7mBqqjN+0TOaqtLH1Yc1UmDxMHwk=","accountSignature":"t3wc1prpnqZbMtYrCNtpSHSG9Y8bv1CR1p/INRp4UXjEWkoNlwkJvFtR1HNra/K0YN0b0JuVV1A7qBDRKr9HBg==","deviceSignature":"KhWPFyyBH5z+LO6pm1z+h0uJ5it2S3P9iILx9pzKB4wbYiYS6QjVo3x6QmWUF/e60T9oqZk+Jru/9naKjIR+hA=="},"signalIdentities":[{"identifier":{"name":"6285175098705:14@s.whatsapp.net","deviceId":0},"identifierKey":{"type":"Buffer","data":"BbZCgjtCq6vwRSWQe5gaqozftEzmqrSx9WHNVJg8TB8J"}}],"platform":"smba","routingInfo":{"type":"Buffer","data":"CAkIEg=="},"lastAccountSyncTimestamp":1730527940,"lastPropHash":"28ZRla","myAppStateKeyId":"AAAAAOqm"}